参考价元,回报门槛,所需第三年归母亿元,对应平均TCE美元每日
20.15,0.10,193.92720820688874,201949.7856716646070192782995551161641127
20.15,0.12,205.07773687984405,212973.5411565437834138180158941404616145
20.15,0.15,222.58397062136478,230280.7420873601539031902353701661660139
18,0.10,171.70941676049617,179984.5939302977299517091904635157230313
18,0.12,181.62589818623212,189788.3323640455986919654739723943876193
18,0.15,197.19668018858317,205182.0861973140613711547967603330925130
16,0.10,151.0417037871077,159551.8574267006350051332750294688010951
16,0.12,159.8102342851978,168220.6962780007756948933419521654815773
16,0.15,173.58059606506538,181834.4993228525799460055515418837218145
14,0.10,130.37399081371925,139119.1209231035400585573595954218791589
14,0.12,137.99457038416344,146653.0601919559526978212099319365755351
14,0.15,149.9645119415476,158486.9124483910985208563063234343511160
